"ID","Description","GeneRatio","BgRatio","RichFactor","FoldEnrichment","zScore","pvalue","p.adjust","qvalue","geneID","Count"
"GO:0009451","RNA modification","13/207","148/6939",0.0878378378378378,2.94447708578143,4.19273186330711,0.000446604335292361,0.0184439883843277,0.0171811722257361,"101258616/101246497/101245419/101263591/101256579/101265633/101265126/101245160/138349167/101254106/101266956/101247863/101244753",13
"GO:0006996","organelle organization","3/207","6/6939",0.5,16.7608695652174,6.7721328136286,0.000489663408433478,0.0184439883843277,0.0171811722257361,"101251035/101267609/101261719",3
"GO:0009773","photosynthetic electron transport in photosystem I","3/207","6/6939",0.5,16.7608695652174,6.7721328136286,0.000489663408433478,0.0184439883843277,0.0171811722257361,"101247416/101243784/101251312",3
"GO:0005978","glycogen biosynthetic process","3/207","7/6939",0.428571428571429,14.3664596273292,6.20392302642593,0.000838087768792474,0.0236759794683874,0.0220549412840125,"544039/544283/101268420",3
