"ID","Description","GeneRatio","BgRatio","RichFactor","FoldEnrichment","zScore","pvalue","p.adjust","qvalue","geneID","Count"
"GO:0048046","apoplast","6/82","43/2695",0.13953488372093,4.58593306863301,4.19841789194374,0.00163428911615563,0.0212457585100231,0.0206436519935448,"543511/100147721/101262425/101263212/101261512/101254707",6
