"ID","Description","GeneRatio","BgRatio","RichFactor","FoldEnrichment","zScore","pvalue","p.adjust","qvalue","geneID","Count"
"GO:0055085","transmembrane transport","29/230","460/6939",0.0630434782608696,1.9019943289225,3.70664422154235,0.000560593071953109,0.0477224445157461,0.0430578446758612,"101255600/101249834/101253972/101252338/101268119/101253320/101256256/101267799/778261/101266436/104644300/101250924/101249848/101264883/101244014/101263942/101257817/101254554/101254912/101267631/101245180/101245070/101246498/543951/101262753/100529106/101246241/101246667/101261239",29
"GO:0016036","cellular response to phosphate starvation","3/230","7/6939",0.428571428571429,12.9298136645963,5.84662949487864,0.00113970831812115,0.0477224445157461,0.0430578446758612,"101256919/101244953/101244416",3
"GO:0046274","lignin catabolic process","4/230","15/6939",0.266666666666667,8.04521739130435,5.05724121026809,0.00120308683653142,0.0477224445157461,0.0430578446758612,"100147721/101262425/101263212/101261512",4
"GO:0009415","response to water","2/230","3/6939",0.666666666666667,20.1130434782609,6.1303899797169,0.00321019598752578,0.095503330628892,0.0861684186125341,"544056/101248072",2
